2a397827-91ee-4d35-8c26-8c67979f2869;Direktion
e8b5c5f0-f317-4736-bb62-27db606800f4;Direktion
c12b6b6c-5e09-4b7c-92c4-b6d6b0b9d60c;Direktørområde 1
40e2d968-5024-4791-9660-3a8e1b0f15ae;Direktørområde 1
d485c0a8-818c-4810-a386-f7c1e12432c3;Staben
0eda64c2-3477-4656-94b3-e212523a9f9d;Staben
7f607c24-afb9-473d-ae8f-c9f1eefc91e1;Budget og Analyse
4aa49f0e-b37b-4d06-b72e-eded8277d4ef;Budget og Analyse
c3bc0c2a-e0f4-4b1e-b3f0-32f62f52cfdf;Finans og Indkøb
8142679b-4e77-4182-9f8f-37f3b1cac7ae;Finans og Indkøb
0523e1d4-fcb6-4ba2-b3e8-b589f5e8dba6;It og Digitalisering
c4c1ccdd-b253-4306-905f-89b59b4e8dd7;It og Digitalisering
47acbfec-fd1d-4be5-8b3d-ec7fbb707f0b;Syddjurs Kommunearkiv
369c4064-53e9-4cef-851e-3cc9a82ce8b4;It-service og support
d0de888f-eefe-4fcb-87be-2f3ad8f96e0d;It-service og support
f9f2f661-2ff0-4531-9db9-9fc82105aac7;Digitalisering og projektledelse
841475d6-6097-4a77-9138-5f342962898f;Digitalisering og projektledelse
34f4e540-e193-470e-b2b0-48c42888b673;It-infrastruktur
8c80a687-e5ce-4f3c-9b51-6a4f76194d95;It-infrastruktur
177440b9-9b77-48be-b3fd-6f993579e91c;Ledelsessekretariatet
27b10178-a295-428b-b09e-ea3669601411;Ledelsessekretariatet
02059b25-076d-49e4-8b89-265e014ff1a4;Udvikling og Kommunikation
1d4cde6c-fe53-4b6b-a3b9-dcaea86bc4d7;Udvikling og Kommunikation
b043dade-19ee-44d0-a584-38937a456a76;HR og Løn
47495c08-5445-4314-8da3-24d87f1e3494;HR og Løn
a23d164f-4999-4f17-ad06-7dd484bf23bf;Løn og Personale
02d17e39-0b0c-4c90-9909-8b6ed3929ef9;HR
7befa178-d1dd-47d1-b609-cda286684640;Beskæftigelse
3751bf71-2e9f-4ef8-86c1-731757c9fffa;Beskæftigelse
a19124d7-0ccf-4dd1-8516-764a4674af77;Center for Ydelse og Administration
2900be00-66fc-4557-bb1a-8f1d605c5ee5;Center for Ydelse og Administration
e15a2f01-3fd0-4197-8f16-7bf0a13f595d;Borgerservice Sygedagpenge
eabf0674-761b-4b21-af82-2344c03d3073;Mentor og Vejledning
6cf753b9-3ba2-4a30-9ce6-372de8339720;Mentor og Vejledning
f19f6663-c75a-4dbc-82a4-15a2379dcf2d;Kantine Ebeltoft
f4fa2ff5-50a1-4e41-b5e3-9f1017ca85fc;Arbejdsmarkedsindsats Øst
83b0b39b-dd5c-4bd8-8e2c-8ff2f7f6ae76;Job og Kompetence
87f37038-8f7f-4312-98bb-c57d4b45225c;Job og Kompetence
c69c3a6b-edec-4462-870e-55848435e4b6;Stab Erhverv og Beskæftigelse
239ea081-ce8e-48d9-9ad2-882595e0e9b3;Stab Erhverv og Beskæftigelse
a58cd03e-305a-4e36-9731-6e9d9b354ce3;Center for Job og Fastholdelse
0095a37d-0987-4778-b270-6c0bfc0ca41b;Center for Job og Fastholdelse
720e7bc6-0f3e-431b-97f5-693e8b51aa0d;Center for Job og Udvikling
7df343eb-fa77-4723-af52-530aaae7ab79;Center for Job og Udvikling
e04b65f5-4e82-464b-a1c4-cdb36b2f329c;Job og Erhverv
310935a2-a99a-4be4-988e-ae99278f69b1;Job og Erhverv
39d30c98-193e-4510-a07b-9836eeb0b76f;Center for Unge, Uddannelse og Job
bfd5dc5f-100b-4826-8779-0f369b53fbec;Center for Unge, Uddannelse og Job
185d3922-c513-4119-adc7-87c9cfedbde2;Ungdommens uddannelsesvejledning
e6056929-d536-408b-8fb5-e8c49f1d5c08;EGU- elever
c1ba9d3c-d917-47c8-bd77-b23c37263d2e;STU Syddjurs
751b9b86-5cb9-459d-b444-82552ce1fa19;STU Syddjurs
2ad243e7-3fbc-48bb-860f-f52023fed9f6;Rehabiliteringsteam Job og Fastholdelse
9dcab805-d91e-4fc4-b2bc-7cec4e819daf;Rehabiliteringsteam Job og Fastholdelse
5364def8-fba0-466a-87a7-3af31cdf0e63;Styrket Helhed
7637b4b5-7d0d-4b52-9c1b-1b38c0bdfcce;Styrket Helhed
15948252-2a96-43b6-a867-4e74789da96b;Direktørområde 2
1fed4d5f-b0e6-46e6-8ac1-5bd1346343a6;Direktørområde 2
a38bc59d-1b62-4257-ad75-ca175c4f3fd7;Teknik og Miljø
247c9682-cced-4c87-90f2-e26a7fa665be;Teknik og Miljø
f72efbd8-f0c9-4124-a531-8baa0cee3c89;Ejendomme
1624c303-2874-4441-b3a4-d6a6ce8563d3;Ejendomme
63bcd81e-90d7-478b-a929-638c2e81ff0b;Ejendomsadministration
2b5c624d-3196-4afc-8808-22f81e3aa1d8;Miljø og Klima
11631eab-7479-4226-83ec-e44f1901f79d;Miljø og Klima
6d42a254-b7a1-44ce-92c0-f475a1f0287d;Teknik og Miljø Sekretariat
9c135010-dce3-403e-8fc8-1635252b1810;Teknik og Miljø Sekretariat
430ac302-c9df-4030-a3ac-87f7379f5391;Byggeri og Landbrug
b3f45d16-4be2-4638-8016-10c2e9336adf;Byggeri og Landbrug
499bcc43-d9dc-4ba8-9b70-1db8046a9734;Byggeri og Landzone
9322cbc8-708b-459b-bc97-d53abad9c09c;Landbrug
9250bb48-b4ba-4749-b81c-4625085e7f6c;Plan, Udvikling og Mobilitet
b3044d61-4db9-40b6-8075-bddcedf8758c;Plan, Udvikling og Mobilitet
31c84973-c7d5-4245-97df-51914ea9313a;Plan og Udvikling
47285b55-cbbc-49e1-b5d3-69cfcec39f92;Mobilitet
c7ff1b85-0f87-48f4-8fc6-6376d7500f8a;Vej- og Ejendomsservice
7a81a045-33b9-4f7b-b9ad-4ed7e2ef5dbb;Vej- og Ejendomsservice
41756f61-be8d-4eb0-9ec4-c5755a1e1ae0;Vej- og Ejendomsservice - fælles
a6bb0105-12c7-420a-89e1-758ff0952a07;Vej- og Ejendomsservice - fælles
7a25090e-38d0-46e2-b6f9-f2992e267dc8;Vej- og ejendomsservice, Administration
b7069f4f-1938-49b9-a90c-179664ad53c4;Værksted
55a1adbd-414f-4629-83ee-5b780447171b;Parkeringskontrol
9db469b0-a1ef-46c8-85d3-4227ff13010e;Havne
7f453cca-453b-4b9f-9f65-5bc4ce7b1f1a;Drift og anlæg
60a7722a-b38b-46e5-a432-4065011e89eb;Drift og anlæg
99268e85-7758-4622-8d98-6f04df263649;Vej, Park og Natur
ce9245aa-e81d-4a67-9a58-9528a3da1069;Vej, Park og Natur
3b0e5870-8b71-4675-9d09-d4b92c6635fb;Vej, park og natur Følle
3a363881-233c-4fb9-895a-5fdfda108e36;Vej, Park og Natur Ebeltoft
ae42c81b-7481-4cff-8b7b-576dc1336708;Ejendomsservice
c2698963-d586-4596-8e9f-dc4a1a04a28c;Ejendomsservice
a2936d0e-f4fb-40fc-9ac7-69ebd6c4e812;Ejendomsservice Hornslet
20d25b60-eac8-4b33-99e6-e32e946f6f5e;Ejendomsservice Nordøst
989fbcc2-df8c-40b1-bcc7-d6d9d57bcbe7;Ejendomsservice Syd
c3ec8443-88af-48f4-b486-82da978ee1c3;Ejendomsservice Nordvest
8b4534ca-0687-450b-a5b7-4480d204f72a;Ejendomsservice Ebeltoft
a3d34bff-f499-4a60-af4e-40135de9a4c6;Rengøringsenheden
bc1778e3-9b2b-436a-a7ae-726f3acd6a1e;Rengøringsenheden
3ef282a5-a47c-4e92-bc86-67c20ca4b0ac;Kultur og Borger
d1ac46a7-dedf-46b9-94d8-be486d6d5c0e;Kultur og Borger
78b99288-aaef-4fb6-9148-b1b5c9016734;Kultur og Borger fælles
90ba639d-ff76-48fd-9df5-ea235f63b239;Kultur og Borger fælles
e3bbe2e7-49f3-4aec-a6d0-0266d425a0c9;Borgerservice Syddjurs
fdd290c1-6a9c-46c9-ab35-37d6b1ada277;Borgerservice Syddjurs
4ee0c2fc-d048-47c5-8a44-67c9d0d14d92;Borgerservice Pensionsteam
5b281b28-b6fa-4583-9f9c-5ec8419b281d;Borgerservice Boligindskudslån
394859b5-d46f-494e-9412-2ee5be9af48c;Borgerservice Børneydelser
eb0b931a-567d-409e-b17b-8a1b228fd6ea;Borgerservice
bf298c2d-c091-4ab3-a63d-dba28677c14f;Borgerservice Opkrævning
de67b3ce-31ba-426e-b05c-c3f50315c2f9;Borgerservice Kontrolgruppe
d37ab2d7-eec1-4b19-aaca-a2e77ea4f520;Bibliotek
12cfe0b0-ccc2-4b08-82a5-4f773280d2e0;Bibliotek
b864b511-eab2-4235-9f12-41c6f40a7e84;Ebeltoft Bibliotek
ccfe2979-e307-4666-99fb-c4531ee5b89a;Kolind Bibliotek
b5d4dbe1-e2aa-43a8-a94a-a152ba82d070;Hornslet Bibliotek
5e2a2a5e-b1bc-4b2e-a40d-b8f4e62ec9d9;Rønde Bibliotek
624df00b-5468-41f7-b9c3-629eb67a28b1;Kulturskolen Syddjurs
bd5a711b-0c6c-4bfe-b572-8159a3095fee;Kulturskolen Syddjurs
afb3f3a9-8674-483e-a138-54ca80a774e0;Kulturskolen  Syddjurs Billedkunst
1ef3921b-0f46-4717-81ff-3febb84f54a3;Hotellet Rønde
7be61782-1058-4743-98ba-890d745400c8;Kultursekretariatet
e6a6ec40-5222-4a84-8178-f251aa293896;Kultursekretariatet
4ed2d642-4171-4d1b-a83c-4850a87e83e2;Kultursekretariatet - fælles
9fab97b6-741e-4e1d-ae3a-51f57b661126;Kultursekretariatet - fælles
39fc7981-97a8-4ccc-8107-628d2f661479;Haller, Mødelokaler m.v.
a469463c-af98-48be-b19a-13c00385ee3e;Haller, Mødelokaler m.v.
609a5a0d-d9d3-4e03-b389-2a47e119e11c;Haller, Mødelokaler m.v. - fælles
d9195ced-6b24-44fc-b27a-ccfd4558440e;Kolind Hallen
5ed58c70-453e-4b93-9946-06491d128576;Direktørområde 3
7a732ef3-55d6-4033-a5ff-4e9c320a9fd2;Direktørområde 3
0abed615-ec8e-4c49-8ed4-66cc14216395;Sundhed og Omsorg
bd958be1-1e79-43b3-a6ef-7d39a7b8999c;Sundhed og Omsorg
4cc31298-a14d-4f6e-b481-fc2b4db0922a;Sundhed og Omsorg fælles
1d338f19-adad-4db2-a10d-3f55d390ffcb;Sundhed og Omsorg fælles
7ff7d6b9-009f-4d75-8b4d-997713e5578c;Sekretariat sundhed og Omsorg
404bb090-2b03-4fa7-a4e9-be114cc784e3;Sekretariat sundhed og Omsorg
da1ad4ab-d75d-4da5-be62-a26edb465789;Sundhed Kvalitet og Udvikling
6faf8395-3493-429a-a415-837bfdc0e2a4;Sundhed Kvalitet og Udvikling
55a288b1-ceaf-48d9-b661-808ae2674e58;Koordination af uddannelse ældreområdet
2377db02-dee6-4138-b917-f6f963f999c3;Koordination af uddannelse ældreområdet
f6a3a094-4616-48b8-85db-1254450bae30;SOSU-hjælperelever
7c044928-ce58-41e3-8bcd-95ed72aa5587;SOSU-assistentelever
20e1d2cf-c4ec-4775-8687-437c4d01d2ad;Studerende i praktik
9061c38a-cf63-4282-b773-d3afc4081a74;Koordination af demens ældreområdet
9fa7f676-0c14-4168-95dc-897434e8cc18;Koordination af demens ældreområdet
1142d392-d029-4ecd-93b6-4ebf7350f540;Værested Kolind
e1afef20-bc21-4cc8-809d-872e6ebc1639;Værested  Tidligere Kolind
59263530-ec0b-4679-a2bc-ef2b260a607e;Værested Ebeltoft
bb2c22ed-7ffa-4998-904b-332bbcbd873e;Koordination Hjerneskade
eab8e039-7179-4778-8f57-28192583b52a;Koordination Hjerneskade
158a7b85-e81e-4d45-aa59-bac7a0377ca4;Center for Velfærdsinnovation
145f12ba-de0a-470c-8648-0022862ddfde;Center for Velfærdsinnovation
11b4f5d5-8e45-4018-86fd-2a752443b5e2;Hjælpemiddelcenteret
ac2bc02c-cd9a-4b79-b11d-579033340f99;Hjælpemiddelcenteret
69bddde5-c046-4a49-8832-d41e0ab0c110;Systemadministration og support
00af6ff7-0f60-4f23-b684-a8db49a30823;Systemadministration og support
5d58613c-0b96-4eb8-ae22-a302c63fb6dd;Velfærdsudvikling
945479f3-c555-4e42-9901-8884751f8e25;Velfærdsudvikling
438df453-2f87-4c1d-a4ab-ded1c09be027;Tandplejen
09564631-8f97-4ebf-9329-0287b8fc7847;Tandplejen
9800c3cc-6da2-434f-afc1-71a87dae33c5;Tandpleje Rønde
706c9a73-c04b-436c-8224-4dfff0fb7810;Tandpleje Rønde
7f31e05e-ddd7-4fb9-a68e-17eae34d9698;Fælleskommunal tandregulering FKO
768c45d3-0231-4694-b179-12cfac8bb677;Fælleskommunal tandregulering FKO
67fe23da-1107-4dfd-9205-dea279930519;Tandpleje Hornslet
55d8ee7d-7349-4c73-be10-d2f7dc4bce01;Tandpleje Hornslet
65ce7e42-9aff-4cb0-8995-30cc6b56912d;Tandpleje Ebeltoft
8a335af1-faae-4b04-89b7-6557f3190df8;Tandpleje Ebeltoft
800a1b58-beb1-4dfe-9df2-369c532d08d8;Køkken Syddjurs
8499b019-b91c-4588-99a1-3b4bdae07eb7;Køkken Syddjurs
0086b5d7-2448-4aa5-998d-d9e8cea342af;Team Cafe og Serviceproduktion
78ed9ba1-07fc-439c-941a-3d79b2838c7d;Team Cafe og Serviceproduktion
c8596115-c125-4960-9b52-670893858e99;Cafeen i Byens Hus
9d604027-622d-4334-88a2-3d12c32a49c6;Caféen i Lyngparken
1d47ce19-15d2-4777-8f73-9f32c1b9a635;Caféen i Kernehuset
fd364a9d-ddb5-46f8-8cf3-e15566ead6d5;Caféen Rosergården
87b87cdf-2133-46a8-8a2c-9961e39949c0;Caféen på  Solbakken
e062f8d5-795d-4585-83c5-61d5f429ce77;Seniorcaféen i Tirstrup
22b19c35-192b-4972-a44d-97284005585c;Caféen i Ringparken
84fc533a-132d-4ba4-9d71-39b2fa5eb073;Visitation til Sundhed og Omsorg
542c2032-8fc5-4284-94de-b414ffdbc985;Visitation til Sundhed og Omsorg
5b9814d3-58da-49b8-ab12-3843e98b19e9;Visitation til Sundhed og Omsorg - fælles
f0b8b3a4-6f1b-4063-baf2-0e63859ebcc3;Visitation til Sundhed og Omsorg - fælles
9924deec-f237-4ea7-aad1-58031dd02be8;Privat hjemmehjælp §94
107609c5-268f-47b9-a1d1-f3bfeb4cacd4;Syddjurs Træner Hjemmerehabilitering
93d54951-2b20-40d1-bdd3-4e23c3dc0fa2;Vedligeholdende Træning og Aktivitet
8f0f7276-66d2-48a7-bd59-deefe00a04e2;Vedligeholdende Træning og Aktivitet
a5b01dfd-d410-48f4-a15b-2e4a31396be5;VTA Team 2 Syd Solbakken
bd417227-22e2-4dc8-9f24-79c04dca17cb;VTA Team 2 Syd Lyngparken
f42c2a23-e601-449c-a165-536973bd947f;VTA Team 1 Syd Rosengården
77636cc6-730a-46cc-b39a-393221a4bd04;VTA Team 2 Nord Ringparken
9c1642ad-9675-4c6b-99a8-a6681d1084cd;Arbejde Genoptræning Sundhed
38af09bb-2755-49b0-8e9d-25ee26eb93bc;Arbejde Genoptræning Sundhed
f228305d-d7b9-45ce-a5eb-6cbd948caa41;AGS
1dadbed3-22ce-48e7-9369-f931e6fa799a;AGS Job og Sundhed
a18f7bb7-63d6-4096-bebf-cbc422263133;Rehabiliteringsafdelingen Syddjurs
c5829f08-18b8-48bb-809d-1281b6dd4e66;Rehabiliteringsafdelingen Syddjurs
7c4c6199-2ba3-4d86-84ef-95aa08da8088;Rehabiliteringsafd Plejen
a376bebc-dede-4870-bfa7-e3b6bedfe1b7;Rehabiliteringsafd Plejen
6ec940ea-1a10-4950-a380-125c2f244484;Rehabiliteringsafdeling
1c58bc4f-b3f4-43f7-b0f6-e41f687b8bf0;Rehabiliteringsafdeling
73fcb3d0-0205-47ee-9648-b683f128f71e;Plejeboliger Syddjurs
b0bfec02-5d90-41a8-bc6f-2f9bd0b503f4;Plejeboliger Syddjurs
68272bf0-9e4d-481c-8daa-98b095e3fa7c;Plejeboliger fælles
6d51043d-c833-4235-9389-5d8700b4f284;Plejeboliger fælles
04636ad0-28e6-4335-80b9-9292c203bd4c;Rosengården administration
8b9f751d-cf4c-4ed4-a1b9-9544282fbce4;Lillerup administration
4ef0c804-a0a2-4b53-b412-4dc9afd8dae1;Rosengården plejeboliger
3c052d3c-8030-4dbb-8891-dc935f02fef4;Rosengården plejeboliger
9b07101b-597a-4b52-a14a-491ff298b2cd;Rosengården plejeboliger vikar
b9fbdf91-f62e-4cf4-9397-30544bb6abee;Rosengården Aftenvagt
b830294e-4add-453a-8747-5b8964ce5045;Rosengården Nattevagt
ea7e02a2-4e19-4874-80a0-bba170a8d818;Rosengården Gr.0
070e0a77-471f-4d5f-bfc4-24b5f0f46a54;Rosengården plejeboliger dagvagt
95d0d426-1066-452e-8c78-e5d9947fbc38;Rosengården plejeboliger dagvagt
93511c2d-1449-4f29-91f1-d81383267ddf;Rosengården Gr. 1
880d01b0-c551-48de-8303-a62992845345;Rosengården Gr. 3+4
36a07f3b-25f0-4643-92dd-23a0bbb669cb;Rosengården Gr. 5+6
636bfa16-dc83-4852-9ced-fa7a1f7f0777;Plejeboligerne Frejasvænge
f42aa037-6b57-4a5f-8bef-797873dd32f9;Plejeboligerne Frejasvænge
626229b4-5c4b-48a3-834c-d571e27f84c7;Plejeboligerne Frejasvænge vikar
b9f574ee-f363-4397-8dcb-6d80b5ffe5e3;Plejeboligerne Frejasvænge 35
91e3bb18-83bb-44a1-a242-cb4f77db9456;Plejeboligerne Frejasvænge 39
46114c71-6f38-400d-8f7e-dde207d9cc95;Plejeboligerne Frejasvænge 41
8584644a-cb4d-489a-a54a-761b4be923ed;Lillerupparken
1ae7a59e-bbca-4de5-a6c2-9c0fa956f929;Lillerupparken
5e190506-89e5-4b5a-a38d-7cddfb548fa7;Forglemmigej
2253aad4-6176-4396-ab23-62a0f8dcbbc0;Lillerupparken vikar
ec9f43ae-0dc4-49e4-afec-50321400a341;Lillerupparken Team 1
0377ae71-703d-420e-ad90-1cba842bf699;Lillerupparken Team 1
9f89e16b-8a67-4f51-aac1-44f9892ebc73;Jasmin
29587cba-eb8e-4735-97dc-4c7cf6016b7a;Kornblomst
19405002-a9b0-454a-9c5e-317a010d4c4a;Anemone
068017f4-6614-4c07-b3c1-fee40e049775;Lillerupparken Team 2
be19f2f8-905f-4676-a16b-b9b7893a6356;Lillerupparken Team 2
d739940a-7dae-4fc4-9308-8456310c1e1c;Marguritten
4b2a3a77-9e00-495f-814a-8dc9d400e633;Solsikken
8082eba0-a2de-469d-8468-3f04cd8f0027;Valmuen
a67ed799-75b1-41ed-b3cf-7ea9d41d626e;Plejecenter Lyngparken
c2d2a094-c3a5-4a9b-a73e-bb6b10bc8542;Plejecenter Lyngparken
d8c4132a-2b25-4ae9-a80e-d814486e4e1b;Plejeboliger Lyngparken vikar
4337bcd8-e5ac-42db-a4b2-e30a5d6b7a7d;Plejeboliger Lyngparken
29c0ecd3-c92c-4cd6-ad27-37cea845b8e3;Aftenstjernen
0d717846-61bd-47ad-bd30-ce03ab23105c;Søhusparken
b5f2fb45-15ff-494e-a03e-6d4cae7b94dc;Søhusparken
76be54ca-fb38-484a-aed8-ff980ef50abc;Søhusparken - fælles
5dc09dc3-badb-442f-ac71-a5cc5036ccb9;Søhusparken - fælles
e5f80ef1-06e9-44df-a6c4-f583ad4ea5d6;Søhusparken 8 Administration
96d4d361-b12d-4bb9-a8fa-c6ad49775c77;Søhusparken 8 Sygeplejersker mm
34339fe4-53e9-40a6-b4a4-c643f2a74bd2;Søhusparken 8 Køkken
cbfabcb2-d0ca-4d94-bdfa-f93f3ee31a85;Søhusparken 8 Vikarer
6da2db00-8770-4ae9-98cb-90bd2852dd43;Søhusparken 8 Team 1
0d7507b4-d001-4199-95a9-eb9b3bc17f5b;Søhusparken 8 Team 1
cc096ca8-0aa3-46cb-bc31-7ce712c9365b;Søhusparken 8 Nattevagt
1e17b9d6-2017-4c38-854a-58e004d612f7;Søhusparken Hus 8C
f0bffa7e-5b6a-401c-9d21-09db0266b4b3;Søhusparken Hus 8F 2
951ebd11-5133-4b18-b564-472813819946;Søhusparken 8 Springer
b6b32535-8220-48b1-9c5e-a8d452940bc7;Søhusparken 8 Team 2
89655b4a-aa2d-4292-ae5a-f18c768dc1d5;Søhusparken 8 Team 2
eb7eb052-d70e-4f0f-a90d-c059c706f87d;Søhusparken Hus 8A
b3652f53-a4fd-4807-8f89-6cb538ef0ca3;Søhusparken Hus 8D
146da6f6-dbbf-4ab3-951d-ffebfab8c7fb;Søhusparken Hus 8F 1
65a4541f-8035-4ba1-a593-75bf4b8746bd;Søhusparken 8 Team 3
9e20c34d-1e8e-4ce4-9e53-b7f6d7c06d30;Søhusparken 8 Team 3
d113e65f-dc32-47f9-8c7f-03071acb332d;Søhusparken Hus 8B
6b77b01f-cc48-4345-94bf-5346c0e950d7;Søhusparken Hus 8E
8f0e4300-4978-4a43-9803-72c3306b6ee4;Søhusparken Hus 8F 3
ebadaa85-a511-469c-8b8b-9a4672e72562;Sygeplejen Syddjurs
f388f475-0c3e-4379-b57d-6846961bc930;Sygeplejen Syddjurs
da0c8b11-1545-4762-aa57-01ef1d543f38;Sygeplejen syddjurs vikar
8a13455b-fa9e-4a50-a6eb-23f393ad7dd3;Sygeplejen Syddjurs Specialist og Aften
e818b8ec-72b7-454e-aa2b-47e6babaf7ad;Sygeplejen Syddjurs Specialist og Aften
d7ab21af-e9bf-44a8-80ea-f51086d410d3;Sygeplejen Syddjurs Aften
d0e34580-c520-40df-8e20-73d1d0343e08;Syddjurs Sygepleje Planlægning
eb0f01ae-8142-4595-8b3c-cb19c03e0f11;Sygeplejen Syddjurs Specialistteam
5cb46eb9-2d62-4b21-a159-2a9cd39dc34f;Sygeplejen Syddjurs Ringparken
5f1956a8-91b0-4b49-b59d-2e4b115966f1;Sygeplejen Syddjurs Søhusparken
afb6b4da-6a75-45bd-8401-a8f98bcb5bca;Sygeplejen Syddjurs Akut og Klinik
9b5752a6-9bf0-4432-aa41-ce4e406756a6;Sygeplejen Syddjurs Akut og Klinik
97e41320-38dc-4951-8a01-66fdb84d20f6;Sygeplejen Syddjurs Nat
961b6f34-8652-449b-931d-23cb4115f37f;Sygeplejen Syddjurs Akutteam
60527af3-5c2d-4f19-9ab4-1064070ee1de;Sygeplejen Syddjurs Klinikteamet
163b8e32-4cc3-4b80-a0b7-530b4afb7bfb;Sygeplejen Syddjurs Lillerup
04d9b544-4b5e-4f3c-974f-ecf7a6f71c02;Sygeplejen Syddjurs Rosengården
1775b9e5-28b9-4bbe-8c4a-262594fba414;Hjemmeplejen Syddjurs
7e2af96c-006e-4ff0-b241-040f61e177bc;Hjemmeplejen Syddjurs
b7a16370-9e13-44f2-b222-a3cd2653a9de;Administration Hjemmeplejen
665c9dfd-e711-4cff-825a-b05bc2b9cad8;Administration Hjemmeplejen
220a7586-6c67-4175-b74c-abbbda6d419f;Søhusparken Administration
aac61ebc-b46b-46cb-8356-54d87055b611;Ringparken administration
6f5e1dc4-c52d-4182-9325-03608f1dec2c;Rosengården/Lillerup ude team 2
5a1a44bc-c2c1-4840-9b03-43c77b44a1a8;Rosengården/Lillerup ude team 2
feb65ff3-a261-4cf5-8fb6-1578bfe1321e;Rosengården ude vikar
2b97856b-5879-4a60-b6cc-7f3f733bd647;Rosengården ude team 2
081421c9-dcaa-4ef0-b2d4-c10ad153dffe;Rosengården ude team 1
216284e2-d77a-497f-9971-edd9626bae07;Rosengården ude team 5
cd427173-e13f-4398-b518-dc7b1d89cf47;Ring-/Søhusparken ude Team 4
1f04bb37-4b10-42b9-9d4b-0ba4a918984a;Ring-/Søhusparken ude Team 4
c84c3d6f-906f-42ad-880b-ce82ba29acdf;Ringparken ude vikar
c8bcc358-e7e5-45ba-b556-d98b723652e5;Ringparken ude Team 3
870bf47c-c33c-482f-9d94-5c6aedf19932;Ringparken ude Team 4
46680a7d-fae6-4eb6-bb3a-b30b8d4ca06a;Ringparken ude Team 6
b237ddfc-ac43-42bf-a3f3-b5135f7405f7;Ring-/Søhusparken ude team 2
4ea00b42-8246-4d6d-8bbb-bdff571953e6;Ring-/Søhusparken ude team 2
b1b4b090-62c8-4c0f-ad91-be3c96261584;Søhusparken ude vikar 2
99d06f19-7a06-42b6-be4a-3caf19b14556;Søhusparken ude Team 2
e62484f8-9aea-4c7d-aa8c-e968305c675b;Specialteam JR
7d7d8670-94ec-493d-834c-f00616be40de;Ring-/Søhusparken Ude Team 1
8031c602-0446-48f2-ae8d-c2441fd52349;Ring-/Søhusparken Ude Team 1
c3ba0894-f70e-43bf-b1f3-61ab503a417d;Søhusparken ude vikar  1 og 5
58cf8b89-78d6-40dd-885b-15ec79ee3a13;Søhusparken ude Team 1
f4e1c9db-60e1-4918-9bb0-c17a88537511;Søhusparken ude Team 5
d1ceccf5-005c-4051-8760-dee136c75cff;Rosengården/Lillerup ude team 3
730918b9-8cc8-4f47-bb54-551c1c96a306;Rosengården/Lillerup ude team 3
a1974eaf-c2d9-44ca-ad53-c459f50c37a7;Lillerup ude vikar
4aa406e9-ff21-45e1-b362-f2b714fa2798;Syddjurs Hjælpere Nattevagt
559778b2-83f8-4ea0-bcf2-f35797c82fc2;Lillerup ude team 6
2c4358f5-5983-4b7d-839f-232680899a33;Lillerup udeteam 3
8e5e5277-dfa4-4c41-8897-ee59554356f6;Rosengården/Lillerup ude team 4
56a204f4-64a9-4992-9e69-1bca52ce7002;Rosengården/Lillerup ude team 4
8b978a3b-9b48-4660-80ee-ffd1fc02ade4;Lyngparken ude vikar
3b65f266-c782-4a32-a58d-416ab2ecad4a;Lyngparken ude team 4
0421366d-d0b0-41a1-9d95-e0e6509eb6be;Lyngparken ude team 7
fb642f2e-b45a-4a49-a240-5184dd4010b3;Social og Familie
bacc436f-5dcf-4e6e-9ea0-68d564cd3a4b;Social og Familie
53bd75e8-dbe6-4500-bf1b-7f8d45ec91da;Social og Familie - fælles
06c40b8f-1757-4785-94ec-4e0281e4fd5b;Social og Familie - fælles
bba4a5c4-46fa-4a7f-9c55-07ed36c2fea2;Social og Familie sekretariat
77d59040-a1e2-450f-be38-c7db5e002cc3;Social og Familie sekretariat
bd18f192-9d31-4405-942b-c7bceff67d6b;Social og Voksen-handicap
9eeaac57-4887-469b-8bad-c715646c55e5;Social og Voksen-handicap
b615f863-0809-4306-8853-91451e5664e9;Foranstaltninger Voksen-Handicap
71e1ed64-7ac6-44a9-89f5-e86b1c49288d;Foranstaltninger Voksen-Handicap
6b960748-a48e-4946-bf04-65aa6b85f289;Bostøtte
0c4d52c2-3d4a-4b5e-91ba-89f4a9d56427;Ledsager
2a1c1676-82b5-4b60-994b-5bbacf044284;Kontaktperson Døvblinde
a4f1a3ac-c042-4537-a7e0-5a0e53770beb;Pasning af nærtstående
dc8461c7-2e4a-4053-af82-76c3ae3c051e;Familie fælles
dfb25661-b55d-438f-b3fe-8cace8e4dfaf;Familie fælles
9976d9fd-785f-447a-88bf-122f865b6337;Foranstaltninger Familie
e0c900bc-aa78-4514-a36f-d1656a1542ca;Foranstaltninger Familie
679bcadf-80bf-477d-b0a9-4449e0a7e1bd;Støtte § 52
b522c273-45fb-411a-b64f-208b81de3177;Merudgifter børn
fdfc6d22-72ac-4ee2-8f88-414e3a2b11ac;Kontaktfamilie
6925bb5a-3c71-4ff9-8a3a-552b98fc9afe;Syddjurs Bo-og Aktivitetstilbud
1e601cc2-45bc-43c4-bc85-42449f671b6a;Syddjurs Bo-og Aktivitetstilbud
63970c3f-83a9-4785-bd03-bdef7502c6d0;Syddjurs Bo-og Aktivitetstilbud MM
f1f39e65-e5b1-4b41-8bc2-c5846fff22ef;Syddjurs Bo-og Aktivitetstilbud MM
284e26ac-5c60-4be9-9bcd-bc6544015d3a;Syba Køkken
16c216d9-8bf1-472b-be49-b3d048a53b50;Klientløn Marie Magdalene
178844cd-7f17-4155-a2f4-c690cd16d6f9;Fællesadm. Vestergade
228c69e1-f089-4d5d-9b60-81c7ef35703d;Servicecenter MM
a850c517-51a1-4c47-87f8-34f3700fcce0;Syddjurs Bo- og Aktivitetstilbud Vikar
8dccf840-1ff9-4eb9-a38f-4ba1a7598c0d;Syddjurs Aktivitetstilbud
94fcdd4e-56f9-4084-a25f-70ee4b6ed489;Syddjurs Aktivitetstilbud
249656ba-fc3f-4c04-b8d3-6ec22aedf648;Aktivitetscenter MM
198116b7-883f-4658-a979-b72d23f423f7;Aktivitetscenter Skovly
88c29ff6-6a43-4a8a-908e-edf85b7fed9c;Marie Magdalene afd. A
e56c1ccc-e27f-4238-961a-91accebd65e0;Marie Magdalene afd. A
b4ab43f9-9dd7-40f1-b865-22e2a183039b;Botilbud Broen MM
bb194316-cd0c-43ce-a153-7360eee9b704;Botilbud Lanternen MM
10349e34-0b37-4c16-a5bc-964a685fbc51;Vestergade 114 A
bd8a1cfb-333a-409a-b026-3107a3c487fc;Marie Magdalene afd. A Vikarer
42f60c4a-0fa9-41af-86a0-00c2756b045f;Aflastningshuset Skovly
fa7b5a71-6b4b-4b37-b470-fbf667c5a64f;Marie Magdalene afd. B
eacaf637-e185-4341-8123-fbd2bc0ae9c2;Marie Magdalene afd. B
188883c8-cf25-409b-a1c6-cd8b4a5b280d;Botilbud Kahytten MM
21928ad3-03ce-400d-9de8-81da2b47b8a8;Vestergade 114 B st
312f5eff-951f-4da8-bc58-7b64a5d1ac51;Vestergade 114 B 1 sal
c33c5a13-7dd8-4c60-a42c-7c848b24bebb;Marie Magdalene afd. B Vikarer
ff2f8c45-b09f-4868-8c84-0ff39e1f54e1;Botilbud Rodskovvej
dae73d8c-57d0-48ed-8842-251dfbe2b453;Botilbud Rodskovvej
c6fb6f49-4114-4f39-953e-d3ad81e6aaf4;Lille Eje
2032cb1a-c64e-416f-8190-b2418bfd0b8f;Vestergård
3339e5bc-bf96-4956-a0b6-dcf28ff40ea9;Bostøtte Syddjurs Bo og Aktivitetstilbud
c45c1800-e294-4183-8a56-82188a409601;Tendrup Møllevej
bf900ecc-91b3-42d3-bb6d-6c8f982987e3;Tendrup Møllevej
8a3eefe1-2cb5-46a5-8a1e-a82ae9803ee7;Tendrup Møllevej afd A
c2f2fde7-f70d-406b-80c0-51dfe122d062;Tendrup Møllevej B th
6819fd4d-2c56-4cf6-bc66-41111571afbe;Tendrup Møllevej  B tv
643a58ef-8ae2-47e6-9c10-2b8266263ef6;Alvejen
ba500342-99d3-47b2-9f44-40167f425add;Tendrup Møllevej B nat
4777d5b7-65ea-4ccd-bfe0-b32699e56ea4;Syddjurs Eksterne Botilbud
5e2b8d46-e326-448e-8250-949c9827f6c5;Syddjurs Eksterne Botilbud
9f91f6f0-a505-454e-b93d-3f4d8c66a91f;Gransvinget
dc8a10b5-7e8b-4027-b241-ca769ba56ce6;Skovparken MM
5a8a3160-14a1-4742-8120-3ec1323e5087;STU Skovly
a06e6a0d-3cd3-4cb9-9c08-5708776a10a4;Botilbud Tendrup Møllevej B th
3d08af0e-5d32-4c6a-bdc0-c9cf07c6b279;Botilbud Tendrup Møllevej B th
88c1f629-8419-4d40-9142-f38c4c8741f3;Sundhedsplejen
811ccad7-b1af-44ce-a5de-0af64037507a;Sundhedsplejen
035f62a3-2b78-4c6a-ba4c-378fc7bf4861;Socialcenter
7440d1b6-7252-4bce-bfd9-43542a3e3491;Socialcenter
2d7f8073-d23f-43e7-8a28-16acd2e83e14;Center for Social Rehabilitering
9754d469-d9ac-4c53-975a-c939c5f97197;Center for Social Rehabilitering
0cc2196e-af89-4636-ad64-7b0603783abf;Fælles administration bostøtte
788495e5-af5d-44cb-bc63-471ea95a1301;Fælles administration bostøtte
4e42650d-e063-4a5a-b4f9-c3f70d8408af;Syddjurs Bostøtte
c90630c0-4ee0-4648-ba4e-541682c61e3e;Syddjurs Bostøtte
9c10e178-75dc-4f83-aaac-0b4f20c1fe16;Specialbostøtten 24/7
a13c955e-da9e-45f7-8f8e-8aec9dd3c8cb;Bostøtte 24/7
c3bb8425-ae87-4c7b-8e87-b643c2e0786b;Bostøtten Syddjurs
c7da869a-ca69-4106-8b36-b0656601493c;Autistenheden Syddjurs
1241dab2-5795-4fe0-863e-f01fb9d646f7;Autistenheden Syddjurs
c1853d86-f295-48e6-8d62-964c8d8053c3;Bofællesskabet Mølletorvet
222481a5-7030-4adc-a684-6fcc83179a35;Kollegiet
15f565d2-ca28-4791-a1ca-196da3413951;Botilbud Lindebo
8b5ad6b6-44cc-47d0-b58a-f7607e52fe79;Rusmiddelcenter og Midtpunkt
a935fed0-e0c0-4188-a2c1-1b46a4720165;Rusmiddelcenter og Midtpunkt
c8bc77c6-83cc-4536-bf8a-d9835192f6ad;Rusmiddelcenter Syddjurs
25521040-b17d-4bac-bb28-b270c1dd20ac;Midtpunkt § 104
05d0b4f4-0c27-4261-8c4f-d9eba985f830;Center for Børn Unge og Familier
ec12fb5f-6fb0-423b-b189-2cc387ed6091;Center for Børn Unge og Familier
5d359bf9-4c98-44c0-a9ff-8bef02a1a0c9;CBUF Fælles funktioner
6d15a7c2-e61f-42ad-ab48-89307aa8d609;CBUF Fælles funktioner
f2af11b0-f131-4079-bc06-258d43563f95;CBUF Administration
1fa84a14-f29e-4719-a516-28fd633c763f;Forældrestøtte
ce5e2ce0-2a27-44c7-94d6-a9457ce0f5b1;CBUF Børn og Familie
6e342b81-50bb-4048-b95a-67c133d2a73c;CBUF Børn og Familie
441957c9-2170-4b75-a538-fb13bf877b2d;Familieafdelingen SFR
610f217a-30b6-4c7b-9ddc-0a3fa98b4982;CBUF Ungeenhed
724ab986-658c-41f0-9ec1-3a06ea6744fd;CBUF Ungeenhed
41df863b-f869-480c-b10f-9b193f422c9d;Kontaktbasen
0f514717-c3e8-4c54-acd8-ce93535cdafc;CBUF Ungeindsats
4a16d49b-d13b-4fb4-8e9c-50fbcb5f96db;CBUF Familiebehandling Unge
24f4f73f-d518-4fa8-bebf-11f305771692;CBUF Projekt 360
a1f2d3a5-9244-4881-ab3f-81d70cc3d55e;CBUF Integration og specialteam
7cdef947-9f9a-4225-9616-69ab6385a356;CBUF Integration og specialteam
eacef1f3-70ea-4932-8902-d3ad7a9fbc34;Handibasen
9fbd2b4b-7b7c-486e-9a8b-6d54464cd710;CBUF Integration
412937ae-a732-41f6-89da-851dfdfabc7b;CBUF Specialteam
3bcdc402-f18d-483c-8721-b18f80601674;Familierådgivningscentret
97664eb9-7e08-460c-ab67-9072382a6bd9;Familierådgivningscentret
20cdc9c5-b4ab-4cfb-be8e-abe79727ff1c;Tidlig indsats - Familieafdelingen
150d7440-fa66-4f13-a47c-ba632155dd72;Tidlig indsats - Familieafdelingen
0359aa56-c509-4b43-984d-0016f3c356bc;Specialrådgivergruppen
be609b16-b3c0-46ba-a143-f2b9ec73ad84;Specialrådgivergruppen
f7e532d1-2f9e-49d1-9718-c060b376bf25;Familieafdelingen Familierådgivergrp 2
b3c1884b-5169-4ee7-a7af-f2b19af21885;Familieafdelingen Familierådgivergrp 2
57ab50f2-5d61-427a-8aa3-9def7752f3ec;Familieafdelingen Familierådgivergrp 1
873fb62e-5090-4210-b9ed-be0c7a66aa4b;Familieafdelingen Familierådgivergrp 1
c8a4bf70-7e67-44eb-81e1-92171a2549a5;Børn og Læring
2c9ac3b2-3502-4806-a5c9-1ecb425bd40d;Børn og Læring
b1d6f423-0592-4a42-9394-7b5930dbbee5;Børn og Læring - Fælles
767871c3-c76a-4a2c-af0d-875b98f8fd6a;Børn og Læring - Fælles
bd89e07d-de60-4f1f-9689-50e681075eac;Børn og Læring - Sekretariat
036e6bf7-4879-442e-84af-a666dff1e3dd;Børn og Læring - Sekretariat
4a69a8db-a0b5-486b-8f97-cd54e01b9bd8;Dagtilbud til børn - Fælles
53230259-7c5b-41ec-bcb3-201128080534;Dagtilbud til børn - Fælles
467dd4c4-4e2a-49a1-b244-74f4a79c5cc9;Dagtilbud til børn - PAU Elever
e29cdf98-1514-4621-b13b-a41bd7d722bd;Dagtilbud til børn - Fælles TR
0a955f36-f8bf-4aff-8ef2-f3a0f5c20ef1;Specialpædagogisk Team
23437ef0-046b-4b2b-b71f-acd716356924;Skoleområdet - Fælles
8de29279-ae71-49eb-aeba-d4dd5d1d634f;Skoleområdet - Fælles
8e8f276c-9e1e-4abf-8660-28a8d8a43e47;Syddjurs Dagpleje
50d6f31d-80e9-40b1-a0c0-57d97095af60;Syddjurs Dagpleje - Fælles
337c2e9b-2009-4e28-8c08-3f37644c6b28;Syddjurs Dagpleje - Fælles
414c8f43-e53d-444c-ae73-7f603c98c292;Syddjurs Dagpleje - Tilsyn
515c084a-9cee-4f4a-b147-a0eea2d89703;Syddjurs Dagpleje - Dagplejer
1d82d7de-79bb-4bdc-b8bd-7d4b47fc87fd;Ebeltoft Børnehus
5cfb9749-39b9-4ada-a70f-36be9a0fd9d3;Ebeltoft Børnehus - fælles
d96b93f9-5f22-4fa1-ba54-7a31e05defbb;Ebeltoft Børnehus - fælles
3a393ff5-a556-485b-b79f-2bc40e087591;Ebeltoft Børnehus - Hyrdebakken
dc5eae96-f384-4340-8076-59291a6affe0;Ebeltoft Børnehus - Æblehaven
63cf3a85-14b0-498f-ab8d-ef9ea12ad97e;Hornslet Vest Børnehus
4e19945d-204c-49b2-8709-640fe5b2474f;Hornslet Vest Børnehus - fælles
54f87660-472d-4e44-abbd-084cea940296;Hornslet Vest Børnehus - fælles
c37b72dc-b042-4d93-ab76-1c109476e3f3;Hornslet Vest Børnehus - Bækdalen
b03f1f23-f6cb-4720-92ce-17bdc45e51d2;Hornslet Vest Børnehus - Ågården
a819254e-fdd2-4eeb-83d5-e3db04c35d58;Hornslet Øst Børnehus
a0ee4f0f-6dbf-4e8d-9792-e7316c092f49;Hornslet Øst Børnehus - fælles
a67c130e-2544-41f1-854a-8bff3c6ef26d;Hornslet Øst Børnehus - fælles
2fdcf138-afb8-4811-a7b0-ef6bbc010e2e;Hornslet Øst Børnehus - Hanehøj
9ac5d9b4-54dd-4fc4-b8ae-4b6b96b49fb4;Hornslet Øst Børnehus - Mosegården
9c97c259-772e-4cd2-a9a4-e605a6c1121b;Kolind Børnehus
eddb1335-7e9c-40af-920b-05f8fe557088;Kolind Børnehus - fælles
779960dd-1302-4860-8761-a9f628880193;Kolind Børnehus - fælles
07c16999-d71b-415b-a584-1fd7e34b0c21;Ryomgård Børnehus
812da19b-cf10-4f53-99f8-b1283f0ec558;Ryomgård Børnehus - fælles
f91a286f-b597-45fe-bfcd-2f2e45510cf1;Ryomgård Børnehus - fælles
945e4df2-1352-4fa0-919c-14e4c41b29f5;Ryomgård Børnehus - Poppelvejen
13761074-7672-4da6-82b6-9785de877a43;Ryomgård Børnehus - Ringvejen
d386c01a-ca62-43ba-8077-9b834318613d;Rønde Børnehus
5fca9ac7-a4a7-4b73-951f-dae71c1c67ce;Rønde Børnehus - fælles
88b63a8c-f4cb-4d5b-8dff-25cf0611660b;Rønde Børnehus - fælles
6506414c-33a9-44c9-9d80-dc27c9b9d18c;Rønde Børnehus - Moesbakken
ee63521f-0094-453e-bf9d-f9b7162e96e7;Rønde Børnehus - Vigen
15f0bda0-0348-4209-a0a6-b77f99a6f905;Ugelbølle Børnehus
d97b3ba1-aa9b-41d6-9bed-9d355eb41f74;Ugelbølle Børnehus - fælles
59729055-3c56-47ec-a174-e9f7c5f6db63;Ugelbølle Børnehus - fælles
108a0aad-d202-4244-b7e3-7c45f0e0857c;Syddjurs PPR
0db9c362-1933-44ac-b3d4-efd63f20ff10;Syddjurs PPR - fælles
6c9823bf-9a19-45f2-bad2-44f44d1e69f9;Syddjurs PPR - fælles
58baf94b-7b41-4cc2-820b-215292c8e189;Syddjurs PPR - Pædagogisk Psykologisk Rådgivning
e2928ec3-87b6-467d-b1b6-f78de80644ea;Syddjurs PPR - Børneteam
e8c7271c-fb20-4dd0-9ecf-a948d7bf2799;Ebeltoft Skole og SFO
a8319462-bd55-4840-856f-57762dfe69f3;Ebeltoft Skole og SFO - fælles
a082dd3b-d3c3-4910-b80e-9565024629a3;Ebeltoft Skole og SFO - fælles
48493fa2-aed0-4666-9ee4-42c59c0aca3e;Ebeltoft Skole
c06b09eb-cc96-4173-b994-f906db3e87cc;Ebeltoft Skole
f7cf620f-1a24-494a-94ce-b456f9a8a3ab;Ebeltoft Skole afd Skolevej 7
b917358c-c1f1-4e81-b197-4138dfc3866c;Ebeltoft Skole afd Østeralle 19
7f63f0ca-61da-46d6-8fa8-606d94a6b9fd;Ebeltoft Skole Administration
26ce5f47-a001-46dd-b3ee-402275afdd6e;Ebeltoft Skole SFO
7b9e2ff6-75fd-47b2-9e63-82b64625aad4;Ebeltoft Skole SFO
fe76c568-8cf5-419a-834d-6b4d0a5da3f2;Hornslet Skole og SFO
e4a41923-1ad6-49f0-9a8b-2cd3fe858256;Hornslet Skole og SFO - fælles
282cf645-2051-4b15-9ffd-469bcea0c3ac;Hornslet Skole og SFO - fælles
d30fd294-6a23-4ead-8a19-4ca31d200337;Hornslet Skole
428034f2-ebed-48e6-a874-ebc1bdba633d;Hornslet Skole
b52941a6-dc63-41dc-91bb-d75536502706;Hornslet Skole SFO
13e9aeb8-50e9-4175-a6cb-622ab78719ca;Hornslet Skole SFO
c6f421b4-0e16-4540-b4ae-2ff640fff025;Kolind Skole og SFO
0acb7181-cd5c-48d1-89e3-02d7747d74f8;Kolind Skole og SFO - fælles
00c85a18-6ae4-411a-b64d-7ed6adbc8ff9;Kolind Skole og SFO - fælles
7945b855-7e6a-47c1-91cb-fa8aa995bda5;Kolind Skole
8697ede7-ca78-433a-8ea6-33850d24361a;Kolind Skole
bc3ecb32-a868-4563-b48a-5d19e218236e;Kolind Skole SFO
89114e30-388b-453d-bad2-ace13daf119d;Kolind Skole SFO
8d904809-deb7-49a8-a7f9-18eea323e0b6;Molsskolen, SFO og Børnehus
f8cd8bf9-0a30-408d-bf67-a67d4f327b85;Molsskolen, SFO og Børnehus - fælles
4cb9b80b-c3ac-49c6-8aca-efac8cbd4d54;Molsskolen, SFO og Børnehus - fælles
2e0a2434-be37-4b1c-a3ce-b57d0cca7487;Molsskolen
227555db-4e97-4502-8c25-59fecb22409a;Molsskolen
7d1f6798-3805-436c-a077-ebef3ec01d1e;Molsskolen SFO
2b6494fe-e07c-415b-b4c2-4ffe44fec182;Molsskolen SFO
d6ac6dd1-873f-4bfd-8620-56c8845cc905;Mols Børnehus
2d822150-d1dd-4974-9fa2-13eef4bd3be5;Mols Børnehus
b074941b-50ea-43df-94aa-575d592c788b;Mols Børnehus - Naturbørnehaven Mols Bjerge
800c982b-a187-4422-a4f2-de89c38ea490;Mørke Skole, SFO og Børnehus
369d0d93-98a2-4528-9c79-174cdabed842;Mørke Skole, SFO og Børnehus - fælles
78bc0263-30cd-4445-8936-47373b975cde;Mørke Skole, SFO og Børnehus - fælles
7a4ababb-2d70-4817-a0ab-34b78ddd39ab;Mørke Skole
24344c4b-05cc-43c2-866a-1f9901364b9e;Mørke Skole
f621b501-d69d-434c-91b5-c8a91a402a62;Mørke Skole SFO
1fd1c087-75e8-425d-9c08-4e8f80038aaa;Mørke Skole SFO
9cda6f69-14ac-4cbc-a782-b510f9036434;Mørke Børnehus
4e212c09-435d-438c-9e9b-488237b109f8;Mørke Børnehus
605cfe2c-473c-4f1a-b3a7-ee744eaf5aec;Rosmus Skole, SFO og Børnehus
004a2811-8a08-4164-9eff-7302a172e87d;Rosmus Skole, SFO og Børnehus - fælles
2bb919d5-6c74-4505-9065-12c6c1c6051c;Rosmus Skole, SFO og Børnehus - fælles
17bf398b-bfc3-4308-a5f3-0be04d5f6904;Rosmus Skole
6127ee7c-7d6f-49b6-b190-c1a03f82b301;Rosmus Skole
372c9934-576a-4e75-9121-6953d9bae53f;Rosmus Skole SFO
adc4b045-ade3-4fc9-9c39-b982505b73d5;Rosmus Skole SFO
c23e6c5d-aa9d-4289-8e44-c8a788629301;Rosmus Børnehus
de108da4-f3fd-4647-95fc-7e741c20df5a;Rosmus Børnehus
9b04c3e6-86dd-4012-ab3f-adc4f0bfc65d;Ryomgård - Marienhoffskolen og SFO
8af91d7d-6705-4fd5-9fcb-e3fa5fc37679;Ryomgård - Marienhoffskolen og SFO - fælles
933b64f0-dc8f-42bd-9e7a-22fdaf76b01f;Ryomgård - Marienhoffskolen og SFO - fælles
d4baa321-9338-4896-ae96-2170186b4a91;Ryomgård - Marienhoffskolen
f64f2c7c-67bd-42ce-af4d-015aa1a168c0;Ryomgård - Marienhoffskolen
d14469be-0d67-41f9-b005-54e868cbd46f;Ryomgård - Marienhoffskolen SFO
41f95366-d6e1-444c-a640-106eb4bd4631;Ryomgård - Marienhoffskolen SFO
90ce5f0c-4b6c-4ff7-8661-08920530c111;Rønde Skole og SFO
a709e743-29e9-4281-b28f-485ada49ca9b;Rønde Skole og SFO - fælles
94a90d1d-9105-4379-8ba2-b38a32e95d98;Rønde Skole og SFO - fælles
b6fc9bb7-c549-42bb-98ad-4f2a26fb3dbe;Rønde Skole
af0c2d34-ee76-4af8-bc04-74399e553b88;Rønde Skole
60394763-67cf-4443-b0e9-c451a835eb0c;Rønde Skole SFO
50bfe5d4-cd35-444f-a7ce-ba2f5c73005e;Rønde Skole SFO
0776bf90-0f5e-4329-9153-fbb756cce3c4;Thorsager Skole, SFO og Børnehus
6d434b76-1e7c-4c86-8329-a9dd78699481;Thorsager Skole, SFO og Børnehus - fælles
362eacd0-383b-4de7-aa1c-c46423673ce1;Thorsager Skole, SFO og Børnehus - fælles
32831ced-20e8-4743-840a-72da3ded6477;Thorsager Skole
876a7857-2603-4fa9-88f0-8a1e9faf2a61;Thorsager Skole
1954700d-efed-4d16-84c8-6e75128c55c9;Thorsager Skole SFO
89a6b431-2d86-4ff2-8cd9-51f59950e060;Thorsager Skole SFO
861f976a-319b-48a2-ac5d-12544303e58e;Thorsager Børnehus
f8079aba-8c69-42f3-a1a1-2679867092b8;Thorsager Børnehus
c09dbd50-c10c-4681-91fb-d46de10151a1;Ådalsskolen, SFO og Børnehus
6f56f2c4-2ee3-450a-872b-3eec40f7d75f;Ådalsskolen, SFO og Børnehus - fælles
fdd8bee0-f882-49f4-b6d7-77c133a9420b;Ådalsskolen, SFO og Børnehus - fælles
909dbc46-9347-492b-8938-32e01e2cf63b;Ådalsskolen
f35f9641-e54e-47e1-bfdc-8e0be9452caa;Ådalsskolen
3ec0b2b1-bf94-4d65-b4b6-fb154a3ddaee;Ådalen SFO
b2c0fe1d-75d3-493e-ab4f-57706dccdbea;Ådalen SFO
65d0d957-cde0-46ce-8bd9-1d234aad0458;Ådalens Børnehus
3b9b122b-ec8f-4a25-9d22-776e3be3a3ae;Ådalens Børnehus
ebff2d2f-1971-4f78-88b3-54ce5e441ed6;Pindstrupskolen, SFO og Børnehus
2a6c4162-5155-4576-9812-8738e85e6333;Pindstrupskolen, SFO og Børnehus - fælles
f5623c3d-2a9b-4d35-b0d3-bd27eba3bf93;Pindstrupskolen, SFO og Børnehus - fælles
2bc70f4a-0882-47c3-ad44-e464ee0f23bc;Pindstrupskolen
fe3fff8f-71e2-41b4-9894-efd1138b651c;Pindstrupskolen
4f6c4f68-aa7c-4559-911e-f7f5c369749d;Pindstrupskolens Ungdomsafdeling
a932a842-ee89-440c-b79f-40fbde71e78a;Pindstrupskolen SFO
9228dfb6-7b74-4271-8b34-cd0ec2d6ce14;Pindstrupskolen SFO
3234df4e-a0f0-4f53-8d43-cfb5437af384;Pindstrup Børnehus
5e32bb9d-cd24-41a7-87b6-bcfb7794389e;Pindstrup Børnehus
0e3c0dcb-aefd-4a3b-9c30-1b52445ff643;Pindstrup Børnehus § 32
ae655e00-27be-4436-b84b-ff4b61f69365;Syddjurs Ungdomsskole
706dcabb-45bd-4ce2-8a7a-0b4a2cf3b0cd;Syddjurs Ungdomsskole
75703f1b-08c8-400e-8151-6e45fb7c735e;Syddjurs Ungdomsskole - Fælles
4003a460-c4a1-443a-98a8-4a6f9edf57a9;Syddjurs Ungdomsskole - Fælles
23bb7a37-21f2-4e2e-91e5-e46fcce249bc;Syddjurs Ungdomsskole - Administrationen
a25f15ef-a8f2-4734-aed4-de7e02827e52;Syddjurs Ungdomsskole - Administrationen
0a4fb44b-b728-4e14-8c21-59b6a56b8be2;Syddjurs Ungdomsskole - Cross
178ad85f-1c0b-4974-863f-12773f1db436;Syddjurs Ungdomsskole - Cross
485eadd3-8c9c-4276-9ba2-01b392cf8802;Syddjurs Ungdomsskole - Shanghaiakademiet
af6b07ad-71ae-4afe-83b2-39511e7141c9;Syddjurs Ungdomsskole - Shanghaiakademiet
a710ea63-f11d-49ee-bb74-2da43fd01e25;Syddjurs Ungdomsskole - Projekter
340a5a4d-39e4-4ade-9ac9-abffc0acf3fa;Syddjurs Ungdomsskole - Projekter
bbb7dbea-3f45-4cd8-83ee-fb8a8a68ada6;Syddjurs Ungdomsskole - Eftermiddagsklub
c1eb8958-424e-4e48-8f59-6beffee37b2a;Syddjurs Ungdomsskole - Eftermiddagsklub
216aa7f2-ef94-4fd2-8663-131efcc8f554;Eftermiddagsklub - Ebeltoft
8fe629ad-cf63-469d-8226-75a3adcdcdeb;Eftermiddagsklub - Hornslet
af74c7d6-10ee-48e0-ba0e-175af9de6d18;Eftermiddagsklub - Kolind
7deb82a5-0ad6-4966-9b50-7ffa8d55c6d6;Eftermiddagsklub - Mols
2efdbe2f-1261-453c-bac5-736511e135bb;Eftermiddagsklub - Mørke
4b62f690-591f-4eaf-9d0b-2608994aff42;Eftermiddagsklub - Rosmus
8d0a7486-e34b-4418-b80f-a76fa2883019;Eftermiddagsklub - Ryomgård
489f5b2f-faa8-41e4-b4ea-3f42302b6413;Eftermiddagsklub - Rønde
bc9598f6-8d2d-4343-b35f-7f670a76cc54;Eftermiddagsklub - Thorsager
b4c79680-cec1-4a2d-927c-18aa3ebb1ce6;Eftermiddagsklub - Ådalen
97ce21f4-72bf-49c4-a8b8-953065b3ca3e;Syddjurs Ungdomsskole - Aftenklub
cd53ec3d-f078-4630-abed-18d65c9d2925;Syddjurs Ungdomsskole - Aftenklub
d3558b49-4616-4f75-891b-a941b6040bb9;Aftenklub - Ebeltoft
a831823c-1e5c-4cca-9304-d8c0ade686c3;Aftenklub - Hornslet
bd95605e-3dd6-49c5-8cc2-50db833195ee;Aftenklub - Kolind
9345efbb-3322-4905-a4b1-67aa6ebf2821;Aftenklub - Mols
4e24922b-3cc0-4646-9f3d-7ba5354960d7;Aftenklub - Mørke
14e9ed04-8d35-4b24-98e0-00e47875ae9f;Aftenklub - Rosmus
f1abbc69-1547-4b4e-9b2b-b149ab8036d2;Aftenklub - Ryomgård
fccb03f6-609b-45be-8f76-febe7f93b018;Aftenklub - Rønde
d86c82ca-129a-4398-b382-be5b2bd71543;Aftenklub - Ådalen
1900ada5-6ed1-4807-8cc0-c00e43a7177e;Syddjurs Ungdomsskole - SSP
e1ffa06e-149f-4840-945c-f3ca229cf1c5;Syddjurs Ungdomsskole - SSP
ef964c39-7739-4f18-81a2-9e86fe1dfeb4;Syddjurs Ungdomsskole - Heltidsundervisning
f17144c8-91e6-4fe7-96e4-219eba7effba;Syddjurs Ungdomsskole - Heltidsundervisning
31a3dee6-e293-4841-b473-8464cba43ffc;Syddjurs Ungdomsskole - Fagundervisning
1db682a8-6590-4479-8417-3c8410e25769;Syddjurs Ungdomsskole - Fagundervisning
7c5066ac-6d56-4295-9a46-1df56e51a4e6;Fagundervisning - Ebeltoft
eb0870c1-b35c-4ae9-91e9-f5c3ada637a3;Fagundervisning - Hornslet
5e2862b7-6dc4-4e44-8a4c-bf9dc7ca5c98;Fagundervisning - Kolind
f0c49fb1-2ce5-4e8d-a597-0e7e7bcb3589;Fagundervisning - Rønde
53b65b1f-e7c8-47ce-a9e6-5b794d93d18e;Syddjurs Ungdomsskole - Skole-astronauterne
6df86330-2219-4f8b-9452-eed40a11e75f;Syddjurs Ungdomsskole - Skole-astronauterne
d9ba0a4d-efee-4c7e-8912-7a226455666c;Politisk Organisation
75c2580d-3aca-467f-9940-4614779915fd;Politisk Organisation
2400acda-096a-456f-a430-9a70d5b2f55e;Byrådet
3e49f34b-7569-44f6-8153-b9da461816d3;Råd og nævn
dc01fb53-94d7-4979-8055-f93faf55cf26;Folkeoplysning
6cb33900-6c63-4db6-858c-55cf9a40c5fa;Huslejenævn
63ff8a51-cc8f-4206-bac4-164119b98373;Beboerklagenævn
d2813329-71dc-44e6-bfd9-cc7e500a3e54;Ældrerådet
b6a09849-7729-46a5-aa9a-1380de18527d;Klageråd vedr. hjemmehjælp
dc6253d0-c13c-489a-8e49-5b067d6b75d3;Hegnsyn
a22e7245-78b0-49dc-93f5-afbaa3a707a8;Beredskabskommission
ed27ac02-7540-4557-8148-dca19a88d0fa;Koordinationsudvalget
e19ed5ac-222a-44a5-95a5-37a86d5a1d6b;Kommissioner, råd og nævn andet
06be273e-e75c-4c61-9345-d03acdea8118;Fredningsnævn
71b2d545-2321-401f-8630-c141c7102726;Handicapråd
25fe49a4-2a6b-4963-a79e-15a9eee7fac1;Ophørte afdelinger
c26e4cbb-f2bb-4084-9762-568f714a16ad;Pindstrupskolen, SFO og Børnehus
56457878-a055-49c7-9f47-010c2abeff05;Ådalsskolen, SFO og Børnehus
4b296400-14a8-4b9b-abc0-9d0d75219c79;Thorsager Skole, SFO og Børnehus
a7330624-89f4-49fe-b078-a10ba256cbb7;Rønde Skole og SFO
9dbab2e0-b3c0-43b8-b4a0-fb3e26075662;Ryomgård - Marienhoffskolen og SFO
94992d4a-9c4d-4653-ab0b-537b30bcdaff;Rosmus Skole, SFO og Børnehus
dc0f0322-afeb-47d3-8f7b-70f4ce77908e;Mørke Skole, SFO og Børnehus
a771761d-8e09-469b-8884-9aa89e38cb7f;Molsskolen, SFO og Børnehus
8fdf26e1-4874-4fee-9750-86b5301769f5;Kolind Skole og SFO
23e71f0c-c426-4098-a1c2-c017252deea9;Hornslet Skole og SFO
ed2c81f7-be78-42cb-9c59-ea0294b12155;Ebeltoft Skole og SFO
3fe60c5a-a28c-4125-b3dc-d050395572a7;Syddjurs PPR
558b8e9c-dfa4-4ab5-a540-f9124353358f;Ugelbølle Børnehus
55960db1-73b6-4e30-8b8f-c893049ccdf6;Rønde Børnehus
782017db-c574-4ff7-b1b9-2f2236c1b32d;Ryomgård Børnehus
ce584f17-21ea-4533-a4bb-2fceb385dfc6;Kolind Børnehus
b0b7bb07-c00c-4b64-86e1-6f6df9658e3a;Hornslet Øst Børnehus
0e8fefde-8fba-42c7-903c-9754e3ec24f6;Hornslet Vest Børnehus
e8f43bed-1ea6-4a8b-91d7-c146494cdf46;Ebeltoft Børnehus
7348dedf-a47f-434b-a1bf-c4faf86b604b;Syddjurs Dagpleje